segment_id,cum_ee_m,cum_shoulder_pan_joint_rad,cum_shoulder_lift_joint_rad,cum_elbow_joint_rad,cum_wrist_1_joint_rad,cum_wrist_2_joint_rad,cum_wrist_3_joint_rad,cum_shoulder_pan_joint_deg,cum_shoulder_lift_joint_deg,cum_elbow_joint_deg,cum_wrist_1_joint_deg,cum_wrist_2_joint_deg,cum_wrist_3_joint_deg,
1,0.000000,0.000000,0.000000,0.000000,0.000000,0.000000,0.000000,0.000000,0.000000,0.000000,0.000000,0.000000,0.000000,
2,0.347483,0.471535,0.093970,0.592037,0.315925,0.056579,0.350253,27.016983,5.384107,33.921224,18.101189,3.241726,20.068042,
3,0.860726,1.803408,0.145385,0.228277,0.027967,0.219045,1.354173,103.327694,8.329927,13.079328,1.602370,12.550360,77.588371,
4,0.756130,1.516471,0.014662,0.459845,0.443189,0.000796,1.516471,86.887389,0.840071,26.347182,25.392832,0.045630,86.887373,
