segment_id,cum_ee_m,cum_shoulder_pan_joint_rad,cum_shoulder_lift_joint_rad,cum_elbow_joint_rad,cum_wrist_1_joint_rad,cum_wrist_2_joint_rad,cum_wrist_3_joint_rad,cum_shoulder_pan_joint_deg,cum_shoulder_lift_joint_deg,cum_elbow_joint_deg,cum_wrist_1_joint_deg,cum_wrist_2_joint_deg,cum_wrist_3_joint_deg,
1,0.000000,0.000000,0.000000,0.000000,0.000000,0.000000,0.000000,0.000000,0.000000,0.000000,0.000000,0.000000,0.000000,
2,0.000000,0.000000,0.000000,0.000000,0.000000,0.000000,0.000000,0.000000,0.000000,0.000000,0.000000,0.000000,0.000000,
3,0.553522,1.014617,0.050392,0.459349,0.219076,0.353925,1.915726,58.133281,2.887233,26.318738,12.552117,20.278403,109.762989,
4,0.628707,1.376815,0.602309,0.079555,0.401684,0.357128,1.009070,78.885672,34.509770,4.558161,23.014823,20.461925,57.815430,
