trial_id,step_name,experiment_mode,success,fallback_used,ik_time_sec,rrt_planning_sec,shortcut_time_sec,initial_guess_time_sec,solve_time_sec,total_compute_sec,exec_wait_sec,num_rrt_points,num_shortcut_waypoints,num_optimized_points,trajectory_duration_sec,joint_path_length,mean_joint_velocity,max_joint_velocity,mean_joint_acceleration,max_joint_acceleration,mean_joint_jerk,max_joint_jerk,mean_torque,max_torque,mean_torque_rate,max_torque_rate,max_constraint_violation,final_cost,solver_status,message
1,pre_grasp,rrt_trajopt,1,0,0.500301,0.038118,0.217285,0.006004,0.154710,6.947616,6.017513,40,5,100,4.817245,3.400942,0.204537,0.996139,0.133119,0.864423,0.177931,9.277007,10.792745,33.824192,0.441461,4.767117,nan,6.023016,converged,
1,pre_grasp,rrt_trajopt,0,0,0.500871,0.032833,0.000000,0.000000,0.000000,0.536040,0.000000,0,0,0,0.000000,0.000000,0.000000,0.000000,0.000000,0.000000,0.000000,0.000000,0.000000,0.000000,0.000000,0.000000,0.000000,0.000000,,RRT planning failed
2,pre_grasp,rrt_trajopt,1,0,0.501210,0.037130,0.148427,0.006209,0.141554,6.385092,5.537909,31,8,100,4.337674,2.717100,0.193595,0.810512,0.140966,0.786842,0.210784,9.447379,10.564559,71.920096,3.564560,37.887257,nan,5.383530,converged,
3,pre_grasp,rrt_trajopt,1,0,0.500993,0.038232,0.000701,0.000676,0.131134,6.239301,5.553114,31,9,100,4.352761,2.737486,0.194319,0.815051,0.140966,0.788252,0.210004,9.429153,10.566040,71.908746,3.559522,37.796627,nan,5.403689,converged,
1,pre_grasp,rrt_trajopt,1,0,0.500317,0.038386,0.216667,0.010817,0.136908,4.244811,3.822566,14,9,100,2.622110,0.898634,0.133607,0.382415,0.169148,0.645778,0.439907,13.481375,11.004812,33.780806,0.845952,6.993725,nan,3.096034,converged,
2,pre_place,rrt_trajopt,1,0,0.501142,0.042355,0.000685,0.000616,0.155198,5.184366,4.975716,50,10,100,3.775415,2.013115,0.178577,0.644548,0.151066,0.726928,0.262439,10.140095,12.005683,49.526577,1.195495,12.302995,nan,4.633921,converged,
